{
  "games_played": 6,
  "wins": 2,
  "losses": 4,
  "total_score": 55,
  "win_rate": 33.33333333333333,
  "average_score": 9.166666666666666,
  "last_played": "2025-10-30T22:45:58.589655"
}